{"cameraMode":{"drawMode":0,"name":"Shaded","section":"Shading Mode"},"sceneLighting":true,"audioPlay":false,"sceneViewState":{"showFog":true,"showMaterialUpdate":false,"showSkybox":true,"showFlares":true,"showImageEffects":true,"showParticleSystems":true,"showVisualEffectGraphs":true,"m_FxEnabled":true},"in2DMode":false,"pivot":{"x":-0.12880370020866395,"y":4.06260871887207,"z":-13.72768783569336},"rotation":{"x":0.08240590244531632,"y":-0.004484967328608036,"z":0.00037131004501134157,"w":0.9965904951095581},"size":1.057563304901123,"orthographic":false}